Fecha_Hora,Estacion,Temp_C,Humedad_%,Viento_kmh,Radiacion_Wm2
2026-06-15 22:53,Sector La Julia (Falda / Interfaz Urbana - Cota Baja),20.2,95,3.1,0.0
2026-06-15 22:53,Estación Humboldt (Eje Central / Nubosidad - Cota Media),15.9,95,5.7,0.0
2026-06-15 22:53,Pico Naiguatá (Cumbre Máxima / Alta Montaña - Cota Alta),8.0,99,5.0,0.0
2026-06-15 22:54,Sector La Julia (Falda / Interfaz Urbana - Cota Baja),20.2,95,3.1,0.0
2026-06-15 22:54,Estación Humboldt (Eje Central / Nubosidad - Cota Media),15.9,95,5.7,0.0
2026-06-15 22:54,Pico Naiguatá (Cumbre Máxima / Alta Montaña - Cota Alta),8.0,99,5.0,0.0
2026-06-15 22:56,Sector La Julia (Falda / Interfaz Urbana - Cota Baja),20.2,95,3.1,0.0
2026-06-15 22:56,Estación Humboldt (Eje Central / Nubosidad - Cota Media),15.9,95,5.7,0.0
2026-06-15 22:56,Pico Naiguatá (Cumbre Máxima / Alta Montaña - Cota Alta),8.0,99,5.0,0.0
